{"cameraMode":{"drawMode":0,"name":"Shaded","section":"Shading Mode"},"sceneLighting":true,"audioPlay":false,"sceneViewState":{"m_AlwaysRefresh":false,"showFog":true,"showSkybox":true,"showFlares":true,"showImageEffects":true,"showParticleSystems":true,"showVisualEffectGraphs":true,"m_FxEnabled":true},"in2DMode":false,"pivot":{"x":59.40644836425781,"y":23.258466720581056,"z":29.770278930664064},"rotation":{"x":0.09916695952415467,"y":-0.886816143989563,"z":0.22426235675811768,"w":0.39184248447418215},"size":0.8660253882408142,"orthographic":false}