{"cameraMode":{"drawMode":0,"name":"Shaded","section":"Shading Mode"},"sceneLighting":false,"audioPlay":false,"sceneViewState":{"m_AlwaysRefresh":false,"showFog":true,"showSkybox":true,"showFlares":true,"showImageEffects":true,"showParticleSystems":true,"showVisualEffectGraphs":true,"m_FxEnabled":true},"in2DMode":false,"pivot":{"x":-2.8666622638702394,"y":5.375849723815918,"z":-4.524072647094727},"rotation":{"x":0.23352614045143128,"y":-0.03311392664909363,"z":0.008255500346422196,"w":0.971957802772522},"size":0.8660253882408142,"orthographic":false}