{"cameraMode":{"drawMode":0,"name":"Shaded","section":"Shading Mode"},"sceneLighting":true,"audioPlay":false,"sceneViewState":{"m_AlwaysRefresh":false,"showFog":true,"showSkybox":true,"showFlares":true,"showImageEffects":true,"showParticleSystems":true,"showVisualEffectGraphs":true,"m_FxEnabled":true},"in2DMode":false,"pivot":{"x":0.15748703479766847,"y":1.5946576595306397,"z":0.22841894626617433},"rotation":{"x":0.059869080781936648,"y":-0.9399657845497131,"z":0.24834363162517548,"w":0.2264517992734909},"size":0.9233092665672302,"orthographic":false}