{"cameraMode":{"drawMode":0,"name":"Shaded","section":"Shading Mode"},"sceneLighting":true,"audioPlay":false,"sceneViewState":{"m_AlwaysRefresh":false,"showFog":true,"showSkybox":true,"showFlares":true,"showImageEffects":true,"showParticleSystems":true,"showVisualEffectGraphs":true,"m_FxEnabled":true},"in2DMode":false,"pivot":{"x":-0.0075361281633377079,"y":1.9070299863815308,"z":0.18017920851707459},"rotation":{"x":-0.016572093591094018,"y":-0.8981086015701294,"z":0.033877287060022357,"w":-0.43819189071655276},"size":0.14073264598846436,"orthographic":false}